,SampleID,Population,i5.Primer,i7.Primer,Adapter,i5 sequence,i7 sequence,adapter sequence,file_name_R1,file_name_R2,file_name_R1rem,file_name_R2rem,PopID,Notes
284,17_219_Gm,CashesOlive,1,1,1,AGGCTATA,ATCACG,ATCACG,,,,,,
170,17_008_Gm,MassRed,1,2,1,AGGCTATA,CGATGT,ATCACG,,,,,,
57,18_076_Gm,NENear,1,3,1,AGGCTATA,TTAGGC,ATCACG,,,,,,
202,16_232_Gm,MassWinter,1,1,2,AGGCTATA,ATCACG,CGATGT,,,,,,
130,18_161_Gm,SWNear,1,2,2,AGGCTATA,CGATGT,CGATGT,,,,,,
116,18_147_Gm,NEOff,1,3,2,AGGCTATA,TTAGGC,CGATGT,,,,,,
242,17_033_Gm,MassSpring,1,1,3,AGGCTATA,ATCACG,TTAGGC,,,,,,
171,17_010_Gm,MassRed,1,2,3,AGGCTATA,CGATGT,TTAGGC,,,,,,
20,18_026_Gm,SWOff,1,3,3,AGGCTATA,TTAGGC,TTAGGC,,,,,,
203,16_236_Gm,MassWinter,1,1,4,AGGCTATA,ATCACG,TGGCCA,,,,,,
5,18_006_Gm,SWOff,1,2,4,AGGCTATA,CGATGT,TGGCCA,,,,,,
198,16_225_Gm,MassWinter,1,3,4,AGGCTATA,TTAGGC,TGGCCA,,,,,,
283,17_218_Gm,CashesOlive,1,1,5,AGGCTATA,ATCACG,ACAGTG,,,,,,
115,18_146_Gm,NEOff,1,2,5,AGGCTATA,CGATGT,ACAGTG,,,,,,
110,18_139_Gm,NEOff,1,3,5,AGGCTATA,TTAGGC,ACAGTG,,,,,,
169,17_007_Gm,MassRed,1,1,6,AGGCTATA,ATCACG,GCCAAT,,,,,,
79,18_100_Gm,NENear,1,2,6,AGGCTATA,CGATGT,GCCAAT,,,,,,
50,18_067_Gm,NENear,1,3,6,AGGCTATA,TTAGGC,GCCAAT,,,,,,
296,17_248_Gm,CashesOlive,1,1,7,AGGCTATA,ATCACG,CAGATC,,,,,,
52,18_070_Gm,NENear,1,2,7,AGGCTATA,CGATGT,CAGATC,,,,,,
290,17_235_Gm,CashesOlive,1,3,7,AGGCTATA,TTAGGC,CAGATC,,,,,,
31,18_040_Gm,SWOff,1,1,8,AGGCTATA,ATCACG,ACTTGA,,,,,,
236,16_227_Gm,MassSpring,1,2,8,AGGCTATA,CGATGT,ACTTGA,,,,,,
53,18_072_Gm,NENear,1,3,8,AGGCTATA,TTAGGC,ACTTGA,,,,,,
105,18_132_Gm,NEOff,1,1,9,AGGCTATA,ATCACG,GATCAG,,,,,,
133,18_164_Gm,SWNear,1,2,9,AGGCTATA,CGATGT,GATCAG,,,,,,
101,18_127_Gm,NEOff,1,3,9,AGGCTATA,TTAGGC,GATCAG,,,,,,
150,18_184_Gm,SWNear,1,1,10,AGGCTATA,ATCACG,TAGCTT,,,,,,
263,17_267_Gm,CashesRed,1,2,10,AGGCTATA,CGATGT,TAGCTT,,,,,,
25,18_033_Gm,SWOff,1,3,10,AGGCTATA,TTAGGC,TAGCTT,,,,,,
87,18_110_Gm,NEOff,1,1,11,AGGCTATA,ATCACG,GGCTAC,,,,,,
123,18_154_Gm,SWNear,1,2,11,AGGCTATA,CGATGT,GGCTAC,,,,,,
80,18_101_Gm,NENear,1,3,11,AGGCTATA,TTAGGC,GGCTAC,,,,,,
94,18_119_Gm,NEOff,1,1,12,AGGCTATA,ATCACG,CTTGCA,,,,,,
7,18_010_Gm,SWOff,1,2,12,AGGCTATA,CGATGT,CTTGCA,,,,,,
140,18_172_Gm,SWNear,1,3,12,AGGCTATA,TTAGGC,CTTGCA,,,,,,
81,18_102_Gm,NEOff,2,4,1,GCCTCTAT,TGACCA,ATCACG,,,,,,
244,17_288_Gm,MassSpring,2,5,1,GCCTCTAT,ACAGTG,ATCACG,,,,,,
12,18_016_Gm,SWOff,2,4,1,GCCTCTAT,TGACCA,ATCACG,,,,,,
204,16_237_Gm,MassWinter,2,6,2,GCCTCTAT,GCCAAT,CGATGT,,,,,,
4,18_005_Gm,SWOff,2,5,2,GCCTCTAT,ACAGTG,CGATGT,,,,,,
200,16_230_Gm,MassWinter,2,6,2,GCCTCTAT,GCCAAT,CGATGT,,,,,,
39,18_049_Gm,SWOff,2,4,3,GCCTCTAT,TGACCA,TTAGGC,,,,,,
97,18_123_Gm,NEOff,2,5,3,GCCTCTAT,ACAGTG,TTAGGC,,,,,,
292,17_238_Gm,CashesOlive,2,6,3,GCCTCTAT,GCCAAT,TTAGGC,,,,,,
217,17_306_Gm,MassWinter,2,4,4,GCCTCTAT,TGACCA,TGGCCA,,,,,,
18,18_024_Gm,SWOff,2,5,4,GCCTCTAT,ACAGTG,TGGCCA,,,,,,
82,18_103_Gm,NEOff,2,6,4,GCCTCTAT,GCCAAT,TGGCCA,,,,,,
280,17_211_Gm,CashesOlive,2,4,5,GCCTCTAT,TGACCA,ACAGTG,,,,,,
34,18_043_Gm,SWOff,2,5,5,GCCTCTAT,ACAGTG,ACAGTG,,,,,,
273,17_281_Gm,CashesRed,2,6,5,GCCTCTAT,GCCAAT,ACAGTG,,,,,,
144,18_176_Gm,SWNear,2,4,6,GCCTCTAT,TGACCA,GCCAAT,,,,,,
221,17_313_Gm,MassRed,2,5,6,GCCTCTAT,ACAGTG,GCCAAT,,,,,,
126,18_157_Gm,SWNear,2,6,6,GCCTCTAT,GCCAAT,GCCAAT,,,,,,
71,18_092_Gm,NENear,2,4,7,GCCTCTAT,TGACCA,CAGATC,,,,,,
194,17_315_Gm,MassRed,2,5,7,GCCTCTAT,ACAGTG,CAGATC,,,,,,
288,17_230_Gm,CashesOlive,2,6,7,GCCTCTAT,GCCAAT,CAGATC,,,,,,
122,18_153_Gm,SWNear,2,4,8,GCCTCTAT,TGACCA,ACTTGA,,,,,,
251,17_252_Gm,CashesRed,2,5,8,GCCTCTAT,ACAGTG,ACTTGA,,,,,,
201,16_231_Gm,MassWinter,2,6,8,GCCTCTAT,GCCAAT,ACTTGA,,,,,,
75,18_096_Gm,NENear,2,4,9,GCCTCTAT,TGACCA,GATCAG,,,,,,
165,17_001_Gm,MassRed,2,5,9,GCCTCTAT,ACAGTG,GATCAG,,,,,,
90,18_115_Gm,NEOff,2,6,9,GCCTCTAT,GCCAAT,GATCAG,,,,,,
33,18_042_Gm,SWOff,2,4,10,GCCTCTAT,TGACCA,TAGCTT,,,,,,
241,17_002_Gm,MassSpring,2,5,10,GCCTCTAT,ACAGTG,TAGCTT,,,,,,
226,17_294_Gm,MassWinter,2,6,10,GCCTCTAT,GCCAAT,TAGCTT,,,,,,
148,18_182_Gm,SWNear,2,4,11,GCCTCTAT,TGACCA,GGCTAC,,,,,,
68,18_088_Gm,NENear,2,5,11,GCCTCTAT,ACAGTG,GGCTAC,,,,,,
125,18_156_Gm,SWNear,2,6,11,GCCTCTAT,GCCAAT,GGCTAC,,,,,,
138,18_170_Gm,SWNear,2,4,12,GCCTCTAT,TGACCA,CTTGCA,,,,,,
269,17_276_Gm,CashesRed,2,5,12,GCCTCTAT,ACAGTG,CTTGCA,,,,,,
100,18_126_Gm,NEOff,3,6,12,AGGATAGG,GCCAAT,CTTGCA,,,,,,
234,16_223_Gm,MassSpring,3,7,1,AGGATAGG,CAGATC,ATCACG,,,,,,
266,17_271_Gm,CashesRed,3,8,1,AGGATAGG,ACTTGA,ATCACG,,,,,,
40,18_051_Gm,SWOff,3,9,1,AGGATAGG,GATCAG,ATCACG,,,,,,
228,17_324_Gm,MassWinter,3,7,2,AGGATAGG,CAGATC,CGATGT,,,,,,
118,18_149_Gm,NEOff,3,8,2,AGGATAGG,ACTTGA,CGATGT,,,,,,
213,17_296_Gm,MassWinter,3,9,2,AGGATAGG,GATCAG,CGATGT,,,,,,
195,17_316_Gm,MassRed,3,7,3,AGGATAGG,CAGATC,TTAGGC,,,,,,
274,17_282_Gm,CashesRed,3,8,3,AGGATAGG,ACTTGA,TTAGGC,,,,,,
30,18_039_Gm,SWOff,3,9,3,AGGATAGG,GATCAG,TTAGGC,,,,,,
146,18_179_Gm,SWNear,3,7,4,AGGATAGG,CAGATC,TGGCCA,,,,,,
149,18_183_Gm,SWNear,3,8,4,AGGATAGG,ACTTGA,TGGCCA,,,,,,
88,18_112_Gm,NEOff,3,9,4,AGGATAGG,GATCAG,TGGCCA,,,,,,
147,18_180_Gm,SWNear,3,7,5,AGGATAGG,CAGATC,ACAGTG,,,,,,
276,17_203_Gm,CashesOlive,3,8,5,AGGATAGG,ACTTGA,ACAGTG,,,,,,
24,18_032_Gm,SWOff,3,9,5,AGGATAGG,GATCAG,ACAGTG,,,,,,
160,18_194_Gm,SWNear,3,7,6,AGGATAGG,CAGATC,GCCAAT,,,,,,
41,18_052_Gm,NENear,3,8,6,AGGATAGG,ACTTGA,GCCAAT,,,,,,
298,17_260_Gm,CashesOlive,3,9,6,AGGATAGG,GATCAG,GCCAAT,,,,,,
243,17_287_Gm,MassSpring,3,7,7,AGGATAGG,CAGATC,CAGATC,,,,,,
152,18_186_Gm,SWNear,3,8,7,AGGATAGG,ACTTGA,CAGATC,,,,,,
78,18_099_Gm,NENear,3,9,7,AGGATAGG,GATCAG,CAGATC,,,,,,
59,18_078_Gm,NENear,3,7,8,AGGATAGG,CAGATC,ACTTGA,,,,,,
131,18_162_Gm,SWNear,3,8,8,AGGATAGG,ACTTGA,ACTTGA,,,,,,
250,17_304_Gm,MassSpring,2,9,8,GCCTCTAT,GATCAG,ACTTGA,,,,,,
272,17_280_Gm,CashesRed,3,7,9,AGGATAGG,CAGATC,GATCAG,,,,,,
69,18_090_Gm,NENear,3,8,9,AGGATAGG,ACTTGA,GATCAG,,,,,,
74,18_095_Gm,NENear,3,9,9,AGGATAGG,GATCAG,GATCAG,,,,,,
19,18_025_Gm,SWOff,3,7,10,AGGATAGG,CAGATC,TAGCTT,,,,,,
174,17_015_Gm,MassRed,3,8,10,AGGATAGG,ACTTGA,TAGCTT,,,,,,
98,18_124_Gm,NEOff,3,9,10,AGGATAGG,GATCAG,TAGCTT,,,,,,
196,16_216_Gm,MassWinter,3,7,11,AGGATAGG,CAGATC,GGCTAC,,,,,,
191,17_156_Gm,MassRed,3,8,11,AGGATAGG,ACTTGA,GGCTAC,,,,,,
219,17_309_Gm,MassWinter,3,9,11,AGGATAGG,GATCAG,GGCTAC,,,,,,
114,18_143_Gm,NEOff,3,7,12,AGGATAGG,CAGATC,CTTGCA,,,,,,
188,17_153_Gm,MassRed,3,8,12,AGGATAGG,ACTTGA,CTTGCA,,,,,,
182,17_024_Gm,MassRed,3,9,12,AGGATAGG,GATCAG,CTTGCA,,,,,,
258,17_261_Gm,CashesRed,9,4,1,TTGTCGGT,TGACCA,ATCACG,,,,,,
1,18_001_Gm,SWOff,4,11,1,TCAGAGCC,GGCTAC,ATCACG,,,,,,
184,17_027_Gm,MassRed,4,12,1,TCAGAGCC,CTTGTA,ATCACG,,,,,,
135,18_166_Gm,SWNear,4,10,2,TCAGAGCC,TAGCTT,CGATGT,,,,,,
141,18_173_Gm,SWNear,4,11,2,TCAGAGCC,GGCTAC,CGATGT,,,,,,
44,18_058_Gm,NENear,4,12,2,TCAGAGCC,CTTGTA,CGATGT,,,,,,
61,18_081_Gm,NENear,4,10,3,TCAGAGCC,TAGCTT,TTAGGC,,,,,,
117,18_148_Gm,NEOff,4,11,3,TCAGAGCC,GGCTAC,TTAGGC,,,,,,
155,18_189_Gm,SWNear,4,12,3,TCAGAGCC,CTTGTA,TTAGGC,,,,,,
35,18_044_Gm,SWOff,4,10,4,TCAGAGCC,TAGCTT,TGGCCA,,,,,,
48,18_064_Gm,NENear,4,11,4,TCAGAGCC,GGCTAC,TGGCCA,,,,,,
99,18_125_Gm,NEOff,4,12,4,TCAGAGCC,CTTGTA,TGGCCA,,,,,,
285,17_221_Gm,CashesOlive,4,10,5,TCAGAGCC,TAGCTT,ACAGTG,,,,,,
235,16_228_Gm,MassSpring,4,11,5,TCAGAGCC,GGCTAC,ACAGTG,,,,,,
278,17_206_Gm,CashesOlive,4,12,5,TCAGAGCC,CTTGTA,ACAGTG,,,,,,
287,17_226_Gm,CashesOlive,4,10,6,TCAGAGCC,TAGCTT,GCCAAT,,,,,,
279,17_210_Gm,CashesOlive,4,11,6,TCAGAGCC,GGCTAC,GCCAAT,,,,,,
145,18_178_Gm,SWNear,4,12,6,TCAGAGCC,CTTGTA,GCCAAT,,,,,,
72,18_093_Gm,NENear,4,10,7,TCAGAGCC,TAGCTT,CAGATC,,,,,,
27,18_035_Gm,SWOff,4,11,7,TCAGAGCC,GGCTAC,CAGATC,,,,,,
255,17_257_Gm,CashesRed,4,12,7,TCAGAGCC,CTTGTA,CAGATC,,,,,,
168,17_006_Gm,MassRed,4,10,8,TCAGAGCC,TAGCTT,ACTTGA,,,,,,
29,18_038_Gm,SWOff,4,11,8,TCAGAGCC,GGCTAC,ACTTGA,,,,,,
109,18_138_Gm,NEOff,4,12,8,TCAGAGCC,CTTGTA,ACTTGA,,,,,,
124,18_155_Gm,SWNear,4,10,9,TCAGAGCC,TAGCTT,GATCAG,,,,,,
103,18_130_Gm,NEOff,4,11,9,TCAGAGCC,GGCTAC,GATCAG,,,,,,
210,17_032_Gm,MassWinter,4,12,9,TCAGAGCC,CTTGTA,GATCAG,,,,,,
96,18_122_Gm,NEOff,4,10,10,TCAGAGCC,TAGCTT,TAGCTT,,,,,,
89,18_113_Gm,NEOff,4,11,10,TCAGAGCC,GGCTAC,TAGCTT,,,,,,
58,18_077_Gm,NENear,4,12,10,TCAGAGCC,CTTGTA,TAGCTT,,,,,,
267,17_272_Gm,CashesRed,4,10,11,TCAGAGCC,TAGCTT,GGCTAC,,,,,,
156,18_190_Gm,SWNear,4,11,11,TCAGAGCC,GGCTAC,GGCTAC,,,,,,
67,18_087_Gm,NENear,4,12,11,TCAGAGCC,CTTGTA,GGCTAC,,,,,,
179,17_020_Gm,MassRed,4,10,12,TCAGAGCC,TAGCTT,CTTGCA,,,,,,
232,17_327_Gm,MassWinter,4,11,12,TCAGAGCC,GGCTAC,CTTGCA,,,,,,
206,16_239_Gm,MassWinter,4,12,12,TCAGAGCC,CTTGTA,CTTGCA,,,,,,
22,18_030_Gm,SWOff,5,1,1,CTTCGCCT,ATCACG,ATCACG,,,,,,
186,17_029_Gm,MassRed,5,2,1,CTTCGCCT,CGATGT,ATCACG,,,,,,
108,18_136_Gm,NEOff,5,3,1,CTTCGCCT,TTAGGC,ATCACG,,,,,,
237,16_240_Gm,MassSpring,5,1,2,CTTCGCCT,ATCACG,CGATGT,,,,,,
216,17_305_Gm,MassWinter,5,2,2,CTTCGCCT,CGATGT,CGATGT,,,,,,
162,16_214_Gm,MassRed,5,3,2,CTTCGCCT,TTAGGC,CGATGT,,,,,,
176,17_017_Gm,MassRed,5,1,3,CTTCGCCT,ATCACG,TTAGGC,,,,,,
92,18_117_Gm,NEOff,5,2,3,CTTCGCCT,CGATGT,TTAGGC,,,,,,
181,17_023_Gm,MassRed,9,6,3,TTGTCGGT,GCCAAT,TTAGGC,,,,,,
8,18_012_Gm,SWOff,5,1,4,CTTCGCCT,ATCACG,TGGCCA,,,,,,
264,17_268_Gm,CashesRed,5,2,4,CTTCGCCT,CGATGT,TGGCCA,,,,,,
136,18_167_Gm,SWNear,5,3,4,CTTCGCCT,TTAGGC,TGGCCA,,,,,,
56,18_075_Gm,NENear,5,1,5,CTTCGCCT,ATCACG,ACAGTG,,,,,,
54,18_073_Gm,NENear,5,2,5,CTTCGCCT,CGATGT,ACAGTG,,,,,,
218,17_308_Gm,MassWinter,5,3,5,CTTCGCCT,TTAGGC,ACAGTG,,,,,,
158,18_192_Gm,SWNear,5,1,6,CTTCGCCT,ATCACG,GCCAAT,,,,,,
240,16_248_Gm,MassSpring,5,2,6,CTTCGCCT,CGATGT,GCCAAT,,,,,,
112,18_141_Gm,NEOff,5,3,6,CTTCGCCT,TTAGGC,GCCAAT,,,,,,
199,16_229_Gm,MassWinter,9,4,7,TTGTCGGT,TGACCA,CAGATC,,,,,,
300,17_277_Gm,CashesOlive,5,2,7,CTTCGCCT,CGATGT,CAGATC,,,,,,
248,17_325_Gm,MassSpring,5,3,7,CTTCGCCT,TTAGGC,CAGATC,,,,,,
36,18_046_Gm,SWOff,5,1,8,CTTCGCCT,ATCACG,ACTTGA,,,,,,
120,18_151_Gm,NEOff,5,2,8,CTTCGCCT,CGATGT,ACTTGA,,,,,,
16,18_021_Gm,SWOff,5,3,8,CTTCGCCT,TTAGGC,ACTTGA,,,,,,
281,17_215_Gm,CashesOlive,5,1,9,CTTCGCCT,ATCACG,GATCAG,,,,,,
85,18_108_Gm,NEOff,5,2,9,CTTCGCCT,CGATGT,GATCAG,,,,,,
299,17_234_Gm,CashesOlive,5,3,9,CTTCGCCT,TTAGGC,GATCAG,,,,,,
11,18_015_Gm,SWOff,5,1,10,CTTCGCCT,ATCACG,TAGCTT,,,,,,
189,17_154_Gm,MassRed,5,2,10,CTTCGCCT,CGATGT,TAGCTT,,,,,,
23,18_031_Gm,SWOff,5,3,10,CTTCGCCT,TTAGGC,TAGCTT,,,,,,
3,18_003_Gm,SWOff,5,1,11,CTTCGCCT,ATCACG,GGCTAC,,,,,,
207,16_242_Gm,MassWinter,5,2,11,CTTCGCCT,CGATGT,GGCTAC,,,,,,
159,18_193_Gm,SWNear,5,3,11,CTTCGCCT,TTAGGC,GGCTAC,,,,,,
275,17_283_Gm,CashesRed,5,1,12,CTTCGCCT,ATCACG,CTTGCA,,,,,,
238,16_243_Gm,MassSpring,5,2,12,CTTCGCCT,CGATGT,CTTGCA,,,,,,
253,17_254_Gm,CashesRed,5,3,12,CTTCGCCT,TTAGGC,CTTGCA,,,,,,
132,18_163_Gm,SWNear,6,4,1,TAAGATTA,TGACCA,ATCACG,,,,,,
21,18_029_Gm,SWOff,6,5,1,TAAGATTA,ACAGTG,ATCACG,,,,,,
73,18_094_Gm,NENear,6,6,1,TAAGATTA,GCCAAT,ATCACG,,,,,,
15,18_020_Gm,SWOff,6,4,2,TAAGATTA,TGACCA,CGATGT,,,,,,
46,18_061_Gm,NENear,6,5,2,TAAGATTA,ACAGTG,CGATGT,,,,,,
252,17_253_Gm,CashesRed,6,6,2,TAAGATTA,GCCAAT,CGATGT,,,,,,
214,17_298_Gm,MassWinter,6,4,3,TAAGATTA,TGACCA,TTAGGC,,,,,,
293,17_240_Gm,CashesOlive,6,5,3,TAAGATTA,ACAGTG,TTAGGC,,,,,,
17,18_022_Gm,SWOff,6,6,3,TAAGATTA,GCCAAT,TTAGGC,,,,,,
173,17_013_Gm,MassRed,6,4,4,TAAGATTA,TGACCA,TGGCCA,,,,,,
209,17_017_Gm,MassWinter,6,5,4,TAAGATTA,ACAGTG,TGGCCA,,,,,,
239,16_245_Gm,MassSpring,6,6,4,TAAGATTA,GCCAAT,TGGCCA,,,,,,
129,18_160_Gm,SWNear,6,4,5,TAAGATTA,TGACCA,ACAGTG,,,,,,
6,18_008_Gm,SWOff,6,5,5,TAAGATTA,ACAGTG,ACAGTG,,,,,,
268,17_273_Gm,CashesRed,6,6,5,TAAGATTA,GCCAAT,ACAGTG,,,,,,
107,18_134_Gm,NEOff,6,4,6,TAAGATTA,TGACCA,GCCAAT,,,,,,
175,17_016_Gm,MassRed,6,5,6,TAAGATTA,ACAGTG,GCCAAT,,,,,,
187,17_031_Gm,MassRed,6,6,6,TAAGATTA,GCCAAT,GCCAAT,,,,,,
76,18_097_Gm,NENear,6,4,7,TAAGATTA,TGACCA,CAGATC,,,,,,
166,17_003_Gm,MassRed,6,5,7,TAAGATTA,ACAGTG,CAGATC,,,,,,
64,18_084_Gm,NENear,6,6,7,TAAGATTA,GCCAAT,CAGATC,,,,,,
55,18_074_Gm,NENear,6,4,8,TAAGATTA,TGACCA,ACTTGA,,,,,,
180,17_022_Gm,MassRed,6,5,8,TAAGATTA,ACAGTG,ACTTGA,,,,,,
260,17_262_Gm,CashesRed,6,6,8,TAAGATTA,GCCAAT,ACTTGA,,,,,,
291,17_270_Gm,CashesRed,6,4,9,TAAGATTA,TGACCA,GATCAG,,,,,,
38,18_048_Gm,SWOff,6,5,9,TAAGATTA,ACAGTG,GATCAG,,,,,,
2,18_002_Gm,SWOff,6,6,9,TAAGATTA,GCCAAT,GATCAG,,,,,,
139,18_171_Gm,SWNear,6,4,10,TAAGATTA,TGACCA,TAGCTT,,,,,,
84,18_106_Gm,NEOff,6,5,10,TAAGATTA,ACAGTG,TAGCTT,,,,,,
167,17_005_Gm,MassRed,6,6,10,TAAGATTA,GCCAAT,TAGCTT,,,,,,
37,18_047_Gm,SWOff,9,5,11,TTGTCGGT,ACAGTG,GGCTAC,,,,,,
93,18_118_Gm,NEOff,6,5,11,TAAGATTA,ACAGTG,GGCTAC,,,,,,
294,17_242_Gm,CashesOlive,6,6,11,TAAGATTA,GCCAAT,GGCTAC,,,,,,
161,16_211_Gm,MassRed,6,4,12,TAAGATTA,TGACCA,CTTGCA,,,,,,
49,18_065_Gm,NENear,6,5,12,TAAGATTA,ACAGTG,CTTGCA,,,,,,
193,17_314_Gm,MassRed,6,6,12,TAAGATTA,GCCAAT,CTTGCA,,,,,,
262,17_265_Gm,CashesRed,7,7,1,ACGTCCTG,CAGATC,ATCACG,,,,,,
95,18_120_Gm,NEOff,7,8,1,ACGTCCTG,ACTTGA,ATCACG,,,,,,
223,16_224_Gm,MassWinter,7,9,1,ACGTCCTG,GATCAG,ATCACG,,,,,,
86,18_109_Gm,NEOff,7,7,2,ACGTCCTG,CAGATC,CGATGT,,,,,,
154,18_188_Gm,SWNear,7,8,2,ACGTCCTG,ACTTGA,CGATGT,,,,,,
164,16_219_Gm,MassRed,7,9,2,ACGTCCTG,GATCAG,CGATGT,,,,,,
142,18_174_Gm,SWNear,7,7,3,ACGTCCTG,CAGATC,TTAGGC,,,,,,
231,17_326_Gm,MassWinter,7,8,3,ACGTCCTG,ACTTGA,TTAGGC,,,,,,
62,18_082_Gm,NENear,7,9,3,ACGTCCTG,GATCAG,TTAGGC,,,,,,
65,18_085_Gm,NENear,7,7,4,ACGTCCTG,CAGATC,TGGCCA,,,,,,
66,18_086_Gm,NENear,7,8,4,ACGTCCTG,ACTTGA,TGGCCA,,,,,,
9,18_013_Gm,SWOff,7,9,4,ACGTCCTG,GATCAG,TGGCCA,,,,,,
282,17_216_Gm,CashesOlive,7,7,5,ACGTCCTG,CAGATC,ACAGTG,,,,,,
77,18_098_Gm,NENear,7,8,5,ACGTCCTG,ACTTGA,ACAGTG,,,,,,
134,18_165_Gm,SWNear,7,9,5,ACGTCCTG,GATCAG,ACAGTG,,,,,,
102,18_128_Gm,NEOff,7,7,6,ACGTCCTG,CAGATC,GCCAAT,,,,,,
151,18_185_Gm,SWNear,7,8,6,ACGTCCTG,ACTTGA,GCCAAT,,,,,,
32,18_041_Gm,SWOff,7,9,6,ACGTCCTG,GATCAG,GCCAAT,,,,,,
42,18_053_Gm,NENear,7,7,7,ACGTCCTG,CAGATC,CAGATC,,,,,,
106,18_133_Gm,NEOff,7,8,7,ACGTCCTG,ACTTGA,CAGATC,,,,,,
51,18_069_Gm,NENear,7,9,7,ACGTCCTG,GATCAG,CAGATC,,,,,,
254,17_256_Gm,CashesRed,7,7,8,ACGTCCTG,CAGATC,ACTTGA,,,,,,
205,16_238_Gm,MassWinter,7,8,8,ACGTCCTG,ACTTGA,ACTTGA,,,,,,
289,17_233_Gm,CashesOlive,7,9,8,ACGTCCTG,GATCAG,ACTTGA,,,,,,
153,18_187_Gm,SWNear,7,7,9,ACGTCCTG,CAGATC,GATCAG,,,,,,
28,18_037_Gm,SWOff,7,8,9,ACGTCCTG,ACTTGA,GATCAG,,,,,,
127,18_158_Gm,SWNear,7,9,9,ACGTCCTG,GATCAG,GATCAG,,,,,,
208,16_247_Gm,MassWinter,7,7,10,ACGTCCTG,CAGATC,TAGCTT,,,,,,
261,17_264_Gm,CashesRed,7,8,10,ACGTCCTG,ACTTGA,TAGCTT,,,,,,
14,18_019_Gm,SWOff,7,9,10,ACGTCCTG,GATCAG,TAGCTT,,,,,,
47,18_062_Gm,NENear,7,7,11,ACGTCCTG,CAGATC,GGCTAC,,,,,,
229,16_241_Gm,MassWinter,7,8,11,ACGTCCTG,ACTTGA,GGCTAC,,,,,,
297,17_249_Gm,CashesOlive,7,9,11,ACGTCCTG,GATCAG,GGCTAC,,,,,,
257,17_259_Gm,CashesRed,7,7,12,ACGTCCTG,CAGATC,CTTGCA,,,,,,
83,18_104_Gm,NEOff,7,8,12,ACGTCCTG,ACTTGA,CTTGCA,,,,,,
233,16_221_Gm,MassSpring,7,9,12,ACGTCCTG,GATCAG,CTTGCA,,,,,,
227,17_285_Gm,MassWinter,8,10,1,GTCAGTAC,TAGCTT,ATCACG,,,,,,
212,17_286_Gm,MassWinter,8,11,1,GTCAGTAC,GGCTAC,ATCACG,,,,,,
192,16_249_Gm,MassWinter,8,12,1,GTCAGTAC,CTTGTA,ATCACG,,,,,,
63,18_083_Gm,NENear,8,10,2,GTCAGTAC,TAGCTT,CGATGT,,,,,,
121,18_152_Gm,SWNear,8,11,2,GTCAGTAC,GGCTAC,CGATGT,,,,,,
177,17_018_Gm,MassRed,8,12,2,GTCAGTAC,CTTGTA,CGATGT,,,,,,
60,18_080_Gm,NENear,8,10,3,GTCAGTAC,TAGCTT,TTAGGC,,,,,,
183,17_026_Gm,MassRed,8,11,3,GTCAGTAC,GGCTAC,TTAGGC,,,,,,
137,18_168_Gm,SWNear,8,12,3,GTCAGTAC,CTTGTA,TTAGGC,,,,,,
185,17_028_Gm,MassRed,8,10,4,GTCAGTAC,TAGCTT,TGGCCA,,,,,,
91,18_116_Gm,NEOff,8,11,4,GTCAGTAC,GGCTAC,TGGCCA,,,,,,
143,18_175_Gm,SWNear,8,12,4,GTCAGTAC,CTTGTA,TGGCCA,,,,,,
286,17_224_Gm,CashesOlive,8,10,5,GTCAGTAC,TAGCTT,ACAGTG,,,,,,
104,18_131_Gm,NEOff,8,11,5,GTCAGTAC,GGCTAC,ACAGTG,,,,,,
113,18_142_Gm,NEOff,8,12,5,GTCAGTAC,CTTGTA,ACAGTG,,,,,,
246,17_292_Gm,MassSpring,8,10,6,GTCAGTAC,TAGCTT,GCCAAT,,,,,,
172,17_011_Gm,MassRed,8,11,6,GTCAGTAC,GGCTAC,GCCAAT,,,,,,
163,16_218_Gm,MassRed,8,12,6,GTCAGTAC,CTTGTA,GCCAAT,,,,,,
128,18_159_Gm,SWNear,8,10,7,GTCAGTAC,TAGCTT,CAGATC,,,,,,
259,17_263_Gm,CashesRed,8,11,7,GTCAGTAC,GGCTAC,CAGATC,,,,,,
43,18_056_Gm,NENear,8,12,7,GTCAGTAC,CTTGTA,CAGATC,,,,,,
10,18_014_Gm,SWOff,8,10,8,GTCAGTAC,TAGCTT,ACTTGA,,,,,,
295,17_245_Gm,CashesOlive,8,11,8,GTCAGTAC,GGCTAC,ACTTGA,,,,,,
197,16_220_Gm,MassWinter,8,12,8,GTCAGTAC,CTTGTA,ACTTGA,,,,,,
230,17_317_Gm,MassWinter,8,10,9,GTCAGTAC,TAGCTT,GATCAG,,,,,,
224,17_289_Gm,MassWinter,8,11,9,GTCAGTAC,GGCTAC,GATCAG,,,,,,
256,17_258_Gm,CashesRed,8,12,9,GTCAGTAC,CTTGTA,GATCAG,,,,,,
271,17_279_Gm,CashesRed,8,10,10,GTCAGTAC,TAGCTT,TAGCTT,,,,,,
157,18_191_Gm,SWNear,8,11,10,GTCAGTAC,GGCTAC,TAGCTT,,,,,,
111,18_140_Gm,NEOff,8,12,10,GTCAGTAC,CTTGTA,TAGCTT,,,,,,
220,17_311_Gm,MassWinter,8,10,11,GTCAGTAC,TAGCTT,GGCTAC,,,,,,
247,17_204_Gm,CashesOlive,8,11,11,GTCAGTAC,GGCTAC,GGCTAC,,,,,,
119,18_150_Gm,NEOff,8,12,11,GTCAGTAC,CTTGTA,GGCTAC,,,,,,
211,17_284_Gm,MassWinter,8,10,12,GTCAGTAC,TAGCTT,CTTGCA,,,,,,
26,18_034_Gm,SWOff,8,11,12,GTCAGTAC,GGCTAC,CTTGCA,,,,,,
215,17_303_Gm,MassWinter,8,12,12,GTCAGTAC,CTTGTA,CTTGCA,,,,,,
45,18_059_Gm,NENear,9,1,1,TTGTCGGT,ATCACG,ATCACG,,,,,,
190,17_155_Gm,MassRed,9,2,2,TTGTCGGT,CGATGT,CGATGT,,,,,,
13,18_017_Gm,SWOff,9,3,3,TTGTCGGT,TTAGGC,TTAGGC,,,,,,
249,17_030_Gm,MassSpring,9,1,4,TTGTCGGT,ATCACG,TGGCCA,,,,,,
245,17_290_Gm,MassSpring,9,2,5,TTGTCGGT,CGATGT,ACAGTG,,,,,,
270,17_278_Gm,CashesRed,9,3,6,TTGTCGGT,TTAGGC,GCCAAT,,,,,,
70,18_091_Gm,NENear,9,1,7,TTGTCGGT,ATCACG,CAGATC,,,,,,
178,17_019_Gm,MassRed,9,2,8,TTGTCGGT,CGATGT,ACTTGA,,,,,,
225,17_291_Gm,MassWinter,9,3,9,TTGTCGGT,TTAGGC,GATCAG,,,,,,
277,16_233_Gm,MassWinter,9,1,10,TTGTCGGT,ATCACG,TAGCTT,,,,,,
222,16_234_Gm,MassWinter,9,2,11,TTGTCGGT,CGATGT,GGCTAC,,,,,,
265,17_236_Gm,CashesOlive,9,3,12,TTGTCGGT,TTAGGC,CTTGCA,,,,,,
172,17_011_Gm,MassRed,9,6,6,TTGTCGGT,GCCAAT,GCCAAT,,,,,,THIS SAMPLE HAS TWO ADAPTER PRIMER COMBINATIONS